ID,UserName,Status,update
944066E3-5339-144D-F108-EE31389D30A1,JohnXpp Lee,1,未曾更新
40E09332-DD36-4E0C-7254-9E5FEFBB1057,JohnCxa Johnson,1,未曾更新
8286637D-D0E7-9EF6-25E4-F161F967AF92,JaneWnz Lee,1,未曾更新
83BE0D8D-7284-41A5-54A3-D455421FCF5B,DavidBha Smith,0,未曾更新
94A1230F-A2D6-A46C-2F7E-F9C4617C8CAC,HuangSic Johnson,0,未曾更新
95CE0A0D-9050-6982-BB73-52126892C394,MaryNsv Wang,0,未曾更新
428C8290-486A-59F8-8495-77086023A727,JohnGbe Kumar,1,未曾更新
195D0DF6-FD93-019E-BF63-9129AB3697DA,JaneOda Wang,0,未曾更新
8C34F6EE-FED6-68CE-FD42-2CB10456B11C,MaryWfw Lee,1,未曾更新
BB383552-6CBD-1E6F-D392-C44B129F80B0,JohnEuv Kumar,1,未曾更新
E4CF3AE5-D422-1515-3E39-12997F4B9B03,MaryDeu Johnson,0,未曾更新
7E72FD99-C049-E6D8-53DD-8335E27CFB07,JaneEmy Smith,0,未曾更新
16D07773-580C-F697-4678-55D7B5E2351C,IFnj Lee,1,未曾更新
8CF75FA0-23BD-B7DF-D1AA-457397121EF2,MaryNou Lee,0,未曾更新
FA17C70B-F7FF-B0B0-2D2C-F7B1E2202645,MaryJon Wang,1,未曾更新
0EE53D0D-C709-22AB-43D7-3539819E9B19,YuIfr Li,1,未曾更新
EC4141B6-AAC5-C24E-D3B8-E5385B8D5B34,MaryTbl Johnson,0,未曾更新
AC3BB154-0CF1-45AC-FF61-5D75B841DFC8,DavidUcx Li,0,未曾更新
74158A94-E97C-3DFF-5573-ED70C41F3BCD,IDad Wang,0,未曾更新
BDB62F0E-3E32-F92D-A7E8-4541C5C26327,JaneSsa Kumar,1,未曾更新
314C9B3F-5017-00F4-BB6D-7575DB69B460,DavidAqd Wang,1,未曾更新
C7C679BC-902A-4F77-E4DD-62F780FB72C7,DavidGnu Li,1,未曾更新
104FABBA-D4A3-10AB-E8F7-A38BC23D9C7F,YuRlk Johnson,0,未曾更新
666234E0-2666-9B8C-BA1F-5301C8EB4C39,MaryPhm Wang,1,未曾更新
DF0EF35D-86C4-0D97-774C-9FA54347D4D3,DavidXzd Smith,1,未曾更新
7730C72E-27A0-3AD4-791A-B7D25A2AB2A4,JaneUox Lee,1,未曾更新
6ED638BB-E637-FBF7-DF85-A67428A49CDA,IEuz Wang,0,未曾更新
C0DA4158-DEDB-6A98-30F1-4204529960A4,JohnLzv Johnson,0,未曾更新
D227CB6D-8B12-0ED5-FB04-A8F41E627EE6,HuangYac Johnson,0,未曾更新
16A28C94-D7EF-3625-B7CF-51D9C761955E,JohnVmo Li,0,未曾更新
F2B6561E-8216-4857-EBDB-36145EC4F6A5,YuYew Li,0,未曾更新
9A849854-E8C5-936E-BB29-0F3EC2F358AF,HuangYrg Smith,1,未曾更新
79443CBA-BE28-B426-457B-4EE2ADA7D955,JohnOtg Kumar,1,未曾更新
E4D22D1B-0226-6030-FADF-94BA254107D3,YuHbw Smith,0,未曾更新
F8D94934-71AF-47F7-2EA7-0CE00D7C781C,IRrz Johnson,0,未曾更新
D23577DE-D469-7659-3FCE-8B89A016B642,IObq Johnson,1,未曾更新
7CB87267-CBC6-935F-1690-6F5DA29A87B1,IVln Lee,1,未曾更新
